[
{
    "model": "ops_site.fundingpartner",
    "pk": 1,
    "fields": {
        "name": "Children's Bureau",
        "nickname": "Children's Bureau"
    }
},
{
    "model": "ops_site.fundingpartner",
    "pk": 2,
    "fields": {
        "name": "Alamed County Health Care Services Agency",
        "nickname": "Alamed County Health Care Services Agency"
    }
},
{
    "model": "ops_site.fundingpartner",
    "pk": 3,
    "fields": {
        "name": "Alameda County HCSA",
        "nickname": "Alameda County HCSA"
    }
},
{
    "model": "ops_site.fundingpartner",
    "pk": 4,
    "fields": {
        "name": "Alameda HCSA",
        "nickname": "Alameda HCSA"
    }
},
{
    "model": "ops_site.fundingpartner",
    "pk": 5,
    "fields": {
        "name": "ASPE",
        "nickname": "ASPE"
    }
},
{
    "model": "ops_site.fundingpartner",
    "pk": 6,
    "fields": {
        "name": "Census",
        "nickname": "Census"
    }
},
{
    "model": "ops_site.fundingpartner",
    "pk": 7,
    "fields": {
        "name": "CMS",
        "nickname": "CMS"
    }
},
{
    "model": "ops_site.fundingpartner",
    "pk": 8,
    "fields": {
        "name": "Dept of Education",
        "nickname": "Dept of Ed"
    }
},
{
    "model": "ops_site.fundingpartner",
    "pk": 9,
    "fields": {
        "name": "DHHS PSC",
        "nickname": "DHHS PSC"
    }
},
{
    "model": "ops_site.fundingpartner",
    "pk": 10,
    "fields": {
        "name": "Dept of Labor",
        "nickname": "DOL"
    }
},
{
    "model": "ops_site.fundingpartner",
    "pk": 11,
    "fields": {
        "name": "GW Ins OF Public Policy",
        "nickname": "GW Ins OF Public Policy"
    }
},
{
    "model": "ops_site.fundingpartner",
    "pk": 12,
    "fields": {
        "name": "HRSA",
        "nickname": "HRSA"
    }
},
{
    "model": "ops_site.fundingpartner",
    "pk": 13,
    "fields": {
        "name": "IJIS Institute",
        "nickname": "IJIS Institute"
    }
},
{
    "model": "ops_site.fundingpartner",
    "pk": 14,
    "fields": {
        "name": "Interior Business Center",
        "nickname": "Interior Business Center"
    }
},
{
    "model": "ops_site.fundingpartner",
    "pk": 15,
    "fields": {
        "name": "ISSLOB",
        "nickname": "ISSLOB"
    }
},
{
    "model": "ops_site.fundingpartner",
    "pk": 16,
    "fields": {
        "name": "NCHS/CDC",
        "nickname": "NCHS/CDC"
    }
},
{
    "model": "ops_site.fundingpartner",
    "pk": 17,
    "fields": {
        "name": "NICHD",
        "nickname": "NICHD"
    }
},
{
    "model": "ops_site.fundingpartner",
    "pk": 18,
    "fields": {
        "name": "NIDA",
        "nickname": "NIDA"
    }
},
{
    "model": "ops_site.fundingpartner",
    "pk": 19,
    "fields": {
        "name": "NIH/Accounts Payable 444035",
        "nickname": "NIH/Accounts Payable 444035"
    }
},
{
    "model": "ops_site.fundingpartner",
    "pk": 20,
    "fields": {
        "name": "OA&Non-ACF",
        "nickname": "OA&Non-ACF"
    }
},
{
    "model": "ops_site.fundingpartner",
    "pk": 21,
    "fields": {
        "name": "OASH",
        "nickname": "OASH"
    }
},
{
    "model": "ops_site.fundingpartner",
    "pk": 22,
    "fields": {
        "name": "OCSE&ACF",
        "nickname": "OCSE&ACF"
    }
},
{
    "model": "ops_site.fundingpartner",
    "pk": 23,
    "fields": {
        "name": "Office of Family Assistance",
        "nickname": "OFA"
    }
},
{
    "model": "ops_site.fundingpartner",
    "pk": 24,
    "fields": {
        "name": "OIS",
        "nickname": "OIS"
    }
},
{
    "model": "ops_site.fundingpartner",
    "pk": 25,
    "fields": {
        "name": "OMB",
        "nickname": "OMB"
    }
},
{
    "model": "ops_site.fundingpartner",
    "pk": 26,
    "fields": {
        "name": "OPRE",
        "nickname": "OPRE"
    }
},
{
    "model": "ops_site.fundingpartner",
    "pk": 27,
    "fields": {
        "name": "SAMHSA",
        "nickname": "SAMHSA"
    }
},
{
    "model": "ops_site.fundingpartner",
    "pk": 28,
    "fields": {
        "name": "Social Security Administration",
        "nickname": "SSA"
    }
},
{
    "model": "ops_site.role",
    "pk": 1,
    "fields": {
        "name": "Administrator"
    }
},
{
    "model": "ops_site.role",
    "pk": 2,
    "fields": {
        "name": "Team Leader"
    }
},
{
    "model": "ops_site.role",
    "pk": 3,
    "fields": {
        "name": "Division Director"
    }
},
{
    "model": "ops_site.role",
    "pk": 4,
    "fields": {
        "name": "Budget Officer"
    }
},
{
    "model": "ops_site.role",
    "pk": 5,
    "fields": {
        "name": "Non-COR/Contractor"
    }
},
{
    "model": "ops_site.role",
    "pk": 6,
    "fields": {
        "name": "COR"
    }
},
{
    "model": "ops_site.role",
    "pk": 7,
    "fields": {
        "name": "Procurement Team"
    }
},
{
    "model": "ops_site.role",
    "pk": 8,
    "fields": {
        "name": "Grants Team"
    }
},
{
    "model": "ops_site.person",
    "pk": 1,
    "fields": {
        "first_name": "Emily",
        "last_name": "Ball",
        "roles": [6],
        "division": "OD"
    }
},
{
    "model": "ops_site.person",
    "pk": 2,
    "fields": {
        "first_name": "Bethanne",
        "last_name": "Barnes",
        "roles": [3],
        "division": "DDI"
    }
},
{
    "model": "ops_site.person",
    "pk": 3,
    "fields": {
        "first_name": "Meryl",
        "last_name": "Barofsky",
        "roles": [6],
        "division": "DCFD"
    }
},
{
    "model": "ops_site.person",
    "pk": 4,
    "fields": {
        "first_name": "Anne",
        "last_name": "Bergan",
        "roles": [6],
        "division": "DFS"
    }
},
{
    "model": "ops_site.person",
    "pk": 5,
    "fields": {
        "first_name": "Harmanpreet",
        "last_name": "Bhatti",
        "roles": [5],
        "division": "DFS"
    }
},
{
    "model": "ops_site.person",
    "pk": 6,
    "fields": {
        "first_name": "Alysia",
        "last_name": "Blandon",
        "roles": [6],
        "division": "DCFD"
    }
},
{
    "model": "ops_site.person",
    "pk": 7,
    "fields": {
        "first_name": "Sarah",
        "last_name": "Blankenship",
        "roles": [5],
        "division": "DCFD"
    }
},
{
    "model": "ops_site.person",
    "pk": 8,
    "fields": {
        "first_name": "Caryn",
        "last_name": "Blitz",
        "roles": [6],
        "division": "DFS"
    }
},
{
    "model": "ops_site.person",
    "pk": 9,
    "fields": {
        "first_name": "Brett",
        "last_name": "Brown",
        "roles": [6],
        "division": "DDI"
    }
},
{
    "model": "ops_site.person",
    "pk": 10,
    "fields": {
        "first_name": "Tia",
        "last_name": "Brown",
        "roles": [2],
        "division": "DFS"
    }
},
{
    "model": "ops_site.person",
    "pk": 11,
    "fields": {
        "first_name": "Hilary",
        "last_name": "Bruck",
        "roles": [2],
        "division": "DEI"
    }
},
{
    "model": "ops_site.person",
    "pk": 12,
    "fields": {
        "first_name": "Valeria",
        "last_name": "Butler",
        "roles": [2],
        "division": "DDI"
    }
},
{
    "model": "ops_site.person",
    "pk": 13,
    "fields": {
        "first_name": "Selma",
        "last_name": "Caal",
        "roles": [6],
        "division": "DFS"
    }
},
{
    "model": "ops_site.person",
    "pk": 14,
    "fields": {
        "first_name": "Erin",
        "last_name": "Cannon",
        "roles": [5],
        "division": "DCFD"
    }
},
{
    "model": "ops_site.person",
    "pk": 15,
    "fields": {
        "first_name": "Elaine",
        "last_name": "Carpenter",
        "roles": [5],
        "division": "DEI"
    }
},
{
    "model": "ops_site.person",
    "pk": 16,
    "fields": {
        "first_name": "Sheila",
        "last_name": "Celentano",
        "roles": [4, 2],
        "division": "OD"
    }
},
{
    "model": "ops_site.person",
    "pk": 17,
    "fields": {
        "first_name": "Tracy",
        "last_name": "Clopet",
        "roles": [5],
        "division": "DCFD"
    }
},
{
    "model": "ops_site.person",
    "pk": 18,
    "fields": {
        "first_name": "Kim",
        "last_name": "Clum",
        "roles": [6],
        "division": "DEI"
    }
},
{
    "model": "ops_site.person",
    "pk": 19,
    "fields": {
        "first_name": "Jesse",
        "last_name": "Coe",
        "roles": [5],
        "division": "DFS"
    }
},
{
    "model": "ops_site.person",
    "pk": 20,
    "fields": {
        "first_name": "Amanda",
        "last_name": "Coleman",
        "roles": [2],
        "division": "DCFD"
    }
},
{
    "model": "ops_site.person",
    "pk": 21,
    "fields": {
        "first_name": "Nicole",
        "last_name": "Constance",
        "roles": [2],
        "division": "DEI"
    }
},
{
    "model": "ops_site.person",
    "pk": 22,
    "fields": {
        "first_name": "Pooja",
        "last_name": "Curtin",
        "roles": [7],
        "division": "DCFD"
    }
},
{
    "model": "ops_site.person",
    "pk": 23,
    "fields": {
        "first_name": "Paula",
        "last_name": "Daneri",
        "roles": [5, 2],
        "division": "DCFD"
    }
},
{
    "model": "ops_site.person",
    "pk": 24,
    "fields": {
        "first_name": "Wendy",
        "last_name": "DeCourcey",
        "roles": [8],
        "division": "DCFD"
    }
},
{
    "model": "ops_site.person",
    "pk": 25,
    "fields": {
        "first_name": "Nicole",
        "last_name": "Denmark",
        "roles": [6],
        "division": "DFS"
    }
},
{
    "model": "ops_site.person",
    "pk": 26,
    "fields": {
        "first_name": "Nicole",
        "last_name": "Deterding",
        "roles": [2],
        "division": "DEI"
    }
},
{
    "model": "ops_site.person",
    "pk": 27,
    "fields": {
        "first_name": "Lauren",
        "last_name": "Deutsch",
        "roles": [5],
        "division": "DEI"
    }
},
{
    "model": "ops_site.person",
    "pk": 28,
    "fields": {
        "first_name": "Kathleen",
        "last_name": "Dwyer",
        "roles": [6],
        "division": "DCFD"
    }
},
{
    "model": "ops_site.person",
    "pk": 29,
    "fields": {
        "first_name": "Justin",
        "last_name": "Falcone",
        "roles": [6],
        "division": "OD"
    }
},
{
    "model": "ops_site.person",
    "pk": 30,
    "fields": {
        "first_name": "Manny",
        "last_name": "Fortson",
        "roles": [1],
        "division": "5"
    }
},
{
    "model": "ops_site.person",
    "pk": 31,
    "fields": {
        "first_name": "Christine",
        "last_name": "Fortunato",
        "roles": [7],
        "division": "DCFD"
    }
},
{
    "model": "ops_site.person",
    "pk": 32,
    "fields": {
        "first_name": "Calonie",
        "last_name": "Gray",
        "roles": [2],
        "division": "DCFD"
    }
},
{
    "model": "ops_site.person",
    "pk": 33,
    "fields": {
        "first_name": "Amelie",
        "last_name": "Hecht",
        "roles": [5],
        "division": "DEI"
    }
},
{
    "model": "ops_site.person",
    "pk": 34,
    "fields": {
        "first_name": "Nina",
        "last_name": "Hetzner",
        "roles": [6],
        "division": "DCFD"
    }
},
{
    "model": "ops_site.person",
    "pk": 35,
    "fields": {
        "first_name": "Rebecca",
        "last_name": "Hjelm",
        "roles": [5],
        "division": "DFS"
    }
},
{
    "model": "ops_site.person",
    "pk": 36,
    "fields": {
        "first_name": "Laura",
        "last_name": "Hoard",
        "roles": [7],
        "division": "DCFD"
    }
},
{
    "model": "ops_site.person",
    "pk": 37,
    "fields": {
        "first_name": "Samantha",
        "last_name": "Illangasekare",
        "roles": [2],
        "division": "DFS"
    }
},
{
    "model": "ops_site.person",
    "pk": 38,
    "fields": {
        "first_name": "Kriti",
        "last_name": "Jain",
        "roles": [6],
        "division": "DFS"
    }
},
{
    "model": "ops_site.person",
    "pk": 39,
    "fields": {
        "first_name": "Victoria",
        "last_name": "Kabak",
        "roles": [6],
        "division": "DEI"
    }
},
{
    "model": "ops_site.person",
    "pk": 40,
    "fields": {
        "first_name": "Mason",
        "last_name": "Kelly",
        "roles": [5],
        "division": "DCFD"
    }
},
{
    "model": "ops_site.person",
    "pk": 41,
    "fields": {
        "first_name": "Marie",
        "last_name": "Lawrence",
        "roles": [6],
        "division": "DEI"
    }
},
{
    "model": "ops_site.person",
    "pk": 42,
    "fields": {
        "first_name": "Philip",
        "last_name": "Lee",
        "roles": [5],
        "division": "DDI"
    }
},
{
    "model": "ops_site.person",
    "pk": 43,
    "fields": {
        "first_name": "Amy",
        "last_name": "Madigan",
        "roles": [2],
        "division": "DCFD"
    }
},
{
    "model": "ops_site.person",
    "pk": 44,
    "fields": {
        "first_name": "Jenessa",
        "last_name": "Malin",
        "roles": [6],
        "division": "DCFD"
    }
},
{
    "model": "ops_site.person",
    "pk": 45,
    "fields": {
        "first_name": "Nancy",
        "last_name": "Margie",
        "roles": [2],
        "division": "DFS"
    }
},
{
    "model": "ops_site.person",
    "pk": 46,
    "fields": {
        "first_name": "Ivelisse",
        "last_name": "Martinez-Beck",
        "roles": [2],
        "division": "DCFD"
    }
},
{
    "model": "ops_site.person",
    "pk": 47,
    "fields": {
        "first_name": "Kelly",
        "last_name": "McKenzie",
        "roles": [6],
        "division": "DFS"
    }
},
{
    "model": "ops_site.person",
    "pk": 48,
    "fields": {
        "first_name": "Aleta",
        "last_name": "Meyer",
        "roles": [6],
        "division": "DFS"
    }
},
{
    "model": "ops_site.person",
    "pk": 49,
    "fields": {
        "first_name": "Mary",
        "last_name": "Mueggenborg",
        "roles": [6],
        "division": "DCFD"
    }
},
{
    "model": "ops_site.person",
    "pk": 50,
    "fields": {
        "first_name": "Laura",
        "last_name": "Nerenberg",
        "roles": [6],
        "division": "DFS"
    }
},
{
    "model": "ops_site.person",
    "pk": 51,
    "fields": {
        "first_name": "Gabrielle",
        "last_name": "Newell",
        "roles": [6],
        "division": "DEI"
    }
},
{
    "model": "ops_site.person",
    "pk": 52,
    "fields": {
        "first_name": "Katie",
        "last_name": "Pahigiannis",
        "roles": [2],
        "division": "DFS"
    }
},
{
    "model": "ops_site.person",
    "pk": 53,
    "fields": {
        "first_name": "Amelia",
        "last_name": "Popham",
        "roles": [6],
        "division": "DEI"
    }
},
{
    "model": "ops_site.person",
    "pk": 54,
    "fields": {
        "first_name": "Megan",
        "last_name": "Reid",
        "roles": [6],
        "division": "DEI"
    }
},
{
    "model": "ops_site.person",
    "pk": 55,
    "fields": {
        "first_name": "Ann",
        "last_name": "Rivera",
        "roles": [6],
        "division": "DCFD"
    }
},
{
    "model": "ops_site.person",
    "pk": 56,
    "fields": {
        "first_name": "Emily",
        "last_name": "Ross",
        "roles": [5],
        "division": "DEI"
    }
},
{
    "model": "ops_site.person",
    "pk": 57,
    "fields": {
        "first_name": "Kenneth",
        "last_name": "Salyards",
        "roles": [6],
        "division": "DDI"
    }
},
{
    "model": "ops_site.person",
    "pk": 58,
    "fields": {
        "first_name": "Emily",
        "last_name": "Schmitt",
        "roles": [1],
        "division": "OD"
    }
},
{
    "model": "ops_site.person",
    "pk": 59,
    "fields": {
        "first_name": "John",
        "last_name": "Sweet",
        "roles": [1],
        "division": "OD"
    }
},
{
    "model": "ops_site.person",
    "pk": 60,
    "fields": {
        "first_name": "Joanna",
        "last_name": "Thurston",
        "roles": [5],
        "division": "DDI"
    }
},
{
    "model": "ops_site.person",
    "pk": 61,
    "fields": {
        "first_name": "Allie",
        "last_name": "Walker",
        "roles": [5],
        "division": "DCFD"
    }
},
{
    "model": "ops_site.person",
    "pk": 62,
    "fields": {
        "first_name": "Mary Bruce",
        "last_name": "Webb",
        "roles": [3],
        "division": "DCFD"
    }
},
{
    "model": "ops_site.person",
    "pk": 63,
    "fields": {
        "first_name": "Joshua",
        "last_name": "Williams",
        "roles": [6],
        "division": "DDI"
    }
},
{
    "model": "ops_site.person",
    "pk": 64,
    "fields": {
        "first_name": "Maria",
        "last_name": "Woolverton",
        "roles": [3],
        "division": "DFS"
    }
},
{
    "model": "ops_site.person",
    "pk": 65,
    "fields": {
        "first_name": "Catherine",
        "last_name": "Workmeister",
        "roles": [1],
        "division": "OD"
    }
},
{
    "model": "ops_site.person",
    "pk": 66,
    "fields": {
        "first_name": "Girley",
        "last_name": "Wright",
        "roles": [6],
        "division": "DEI"
    }
},
{
    "model": "ops_site.person",
    "pk": 67,
    "fields": {
        "first_name": "Lisa",
        "last_name": "Zingman",
        "roles": [6],
        "division": "DEI"
    }
},
{
    "model": "ops_site.commonaccountingnumber",
    "pk": 1,
    "fields": {
        "number": "G99HRF2",
        "description": "Healthy Marriages Responsible Fatherhood - OPRE",
        "nickname": "HMRF-OPRE",
        "purpose": "",
        "arrangement_type": "MOU",
        "funding_source": [23],
        "authorizer": 26
    }
},
{
    "model": "ops_site.commonaccountingnumber",
    "pk": 2,
    "fields": {
        "number": "G99IA14",
        "description": "Incoming Interagency Agreements",
        "nickname": "IAA-Incoming",
        "purpose": "",
        "arrangement_type": "IAA",
        "funding_source": [5, 28],
        "authorizer": 26
    }
},
{
    "model": "ops_site.commonaccountingnumber",
    "pk": 3,
    "fields": {
        "number": "G99PHS9",
        "description": "Social Science Research and Development",
        "nickname": "SSRD",
        "purpose": "",
        "arrangement_type": "OPRE Appropriation",
        "funding_source":  [26],
        "authorizer": 26
    }
},
{
    "model": "ops_site.commonaccountingnumber",
    "pk": 4,
    "fields": {
        "number": "G990136",
        "description": "Child Development Research Fellowship Grant Program",
        "nickname": "ASPE SRCD-IDDA",
        "purpose": "Fund a child development fellow for ASPE",
        "arrangement_type": "IDDA",
        "funding_source": [5],
        "authorizer": 26
    }
},
{
    "model": "ops_site.commonaccountingnumber",
    "pk": 5,
    "fields": {
        "number": "G994426",
        "description": "Head Start Research",
        "nickname": "HS",
        "purpose": "Research into Head Start programs",
        "arrangement_type": "OPRE Appropriation",
        "funding_source":  [26],
        "authorizer": 26
    }
},
{
    "model": "ops_site.commonaccountingnumber",
    "pk": 6,
    "fields": {
        "number": "G994648",
        "description": "Kinship Navigation",
        "nickname": "Kin-Nav",
        "purpose": "",
        "arrangement_type": "Cost Share",
        "funding_source": [1],
        "authorizer": 1
    }
},
{
    "model": "ops_site.commonaccountingnumber",
    "pk": 7,
    "fields": {
        "number": "G996125",
        "description": "Healthy Marriages Responsible Fatherhood - OFA",
        "nickname": "HMRF-OFA",
        "purpose": "",
        "arrangement_type": "Cost Share",
        "funding_source": [23],
        "authorizer": 23
    }
},
{
    "model": "ops_site.canfiscalyear",
    "pk": 1,
    "fields": {
        "can": 1,
        "fiscal_year": 2021,
        "amount_available": 11400000.00,
        "total_fiscal_year_funding": 11400000.00,
        "potential_additional_funding": 1300000.00,
        "can_lead": [52],
        "notes": ""
    }
},
{
    "model": "ops_site.canfiscalyear",
    "pk": 2,
    "fields": {
        "can": 2,
        "fiscal_year": 2021,
        "amount_available": 150000.00,
        "total_fiscal_year_funding": 200000.00,
        "potential_additional_funding": 0.00,
        "can_lead": [16],
        "notes": "147-OPRE-FY21 $150K from ASPE; 149-OPRE-FY21 $50K from SSA\n\nNote to us: This distinction is in budget lines, not sure how it ties into CANs\n"
    }
},
{
    "model": "ops_site.canfiscalyear",
    "pk": 3,
    "fields": {
        "can": 3,
        "fiscal_year": 2022,
        "amount_available": 0.00,
        "total_fiscal_year_funding": 7512000.00,
        "potential_additional_funding": 3000000.00,
        "can_lead": [12],
        "notes": ""
    }
},
{
    "model": "ops_site.canfiscalyear",
    "pk": 4,
    "fields": {
        "can": 3,
        "fiscal_year": 2023,
        "amount_available": 7812000.00,
        "total_fiscal_year_funding": 7512000.00,
        "potential_additional_funding": 3000000.00,
        "can_lead": [12],
        "notes": ""
    }
},
{
    "model": "ops_site.canfiscalyear",
    "pk": 5,
    "fields": {
        "can": 3,
        "fiscal_year": 2024,
        "amount_available": 0.00,
        "total_fiscal_year_funding": 7512000.00,
        "potential_additional_funding": 3000000.00,
        "can_lead": [12],
        "notes": ""
    }
},
{
    "model": "ops_site.canfiscalyear",
    "pk": 6,
    "fields": {
        "can": 4,
        "fiscal_year": 2021,
        "amount_available": 0.00,
        "total_fiscal_year_funding": 126476.00,
        "potential_additional_funding": 0.00,
        "can_lead": [16],
        "notes": ""
    }
},
{
    "model": "ops_site.canfiscalyear",
    "pk": 7,
    "fields": {
        "can": 5,
        "fiscal_year": 2021,
        "amount_available": 20000000.00,
        "total_fiscal_year_funding": 20000000.00,
        "potential_additional_funding": 1000000.00,
        "can_lead": [23],
        "notes": ""
    }
},
{
    "model": "ops_site.canfiscalyear",
    "pk": 8,
    "fields": {
        "can": 5,
        "fiscal_year": 2022,
        "amount_available": 0.00,
        "total_fiscal_year_funding": 20000000.00,
        "potential_additional_funding": 0.00,
        "can_lead": [23],
        "notes": ""
    }
},
{
    "model": "ops_site.canfiscalyear",
    "pk": 9,
    "fields": {
        "can": 5,
        "fiscal_year": 2023,
        "amount_available": 0.00,
        "total_fiscal_year_funding": 20000000.00,
        "potential_additional_funding": 0.00,
        "can_lead": [23],
        "notes": ""
    }
},
{
    "model": "ops_site.canfiscalyear",
    "pk": 10,
    "fields": {
        "can": 5,
        "fiscal_year": 2024,
        "amount_available": 0.00,
        "total_fiscal_year_funding": 20000000.00,
        "potential_additional_funding": 0.00,
        "can_lead": [23],
        "notes": ""
    }
},
{
    "model": "ops_site.canfiscalyear",
    "pk": 11,
    "fields": {
        "can": 6,
        "fiscal_year": 2021,
        "amount_available": 1400000.00,
        "total_fiscal_year_funding": 1400000.00,
        "potential_additional_funding": 0.00,
        "can_lead": [20],
        "notes": ""
    }
},
{
    "model": "ops_site.canfiscalyear",
    "pk": 12,
    "fields": {
        "can": 7,
        "fiscal_year": 2021,
        "amount_available": 80000.00,
        "total_fiscal_year_funding": 80000.00,
        "potential_additional_funding": 0.00,
        "can_lead": [16],
        "notes": ""
    }
},
{
    "model": "ops_site.contract",
    "pk": 1,
    "fields": {
        "cans": [5,1,2],
        "name": "NIH VIQI"
    }
},
{
    "model": "ops_site.contractlineitem",
    "pk": 1,
    "fields": {
        "contract": 1,
        "name": "SC 1"
    }
},
{
    "model": "ops_site.contractlineitem",
    "pk": 2,
    "fields": {
        "contract": 1,
        "name": "SC 1 Fee"
    }
},
{
    "model": "ops_site.contractlineitemfiscalyear",
    "pk": 1,
    "fields": {
        "line_item": 1,
        "fiscal_year": 2021
    }
},
{
    "model": "ops_site.contractlineitemfiscalyear",
    "pk": 2,
    "fields": {
        "line_item": 2,
        "fiscal_year": 2021
    }
},
{
    "model": "ops_site.contractlineitemfiscalyearpercan",
    "pk": 1,
    "fields":{
        "fiscal_year": 1,
        "can": 5,
        "funding": 1745000.00
    }
},
{
    "model": "ops_site.contractlineitemfiscalyearpercan",
    "pk": 2,
    "fields":{
        "fiscal_year": 2,
        "can": 5,
        "funding": 8725.00
    }
}
]
